{"version": "1", "message": "ERROR: Hidden Testcases server unreachable.", "problem_id": "ads2_m6_a1_1", "user_id": "SupriyaMadupathi", "score": {"sample": {"0": {"execution_time": 0.4967484474182129, "passed": false}, "1": {"execution_time": 0.37597107887268066, "passed": false}, "2": {"execution_time": 0.21645498275756836, "passed": false}, "3": {"execution_time": 0.26087474822998047, "passed": false}, "4": {"execution_time": 0.3418233394622803, "passed": false}, "5": {"execution_time": 0.375293493270874, "passed": false}, "6": {"execution_time": 0.27602458000183105, "passed": false}, "7": {"execution_time": 0.21409034729003906, "passed": false}, "8": {"execution_time": 0.2590031623840332, "passed": false}, "9": {"execution_time": 0.3590397834777832, "passed": false}, "10": {"execution_time": 0.4060845375061035, "passed": false}, "11": {"execution_time": 0.2041773796081543, "passed": false}}}, "check_style_score": "0/1"}