{"version": "1", "message": "ERROR: Hidden Testcases server unreachable.", "problem_id": "ads2_m6_a1_1", "user_id": "SupriyaMadupathi", "score": {"sample": {"0": {"execution_time": 0.3245244026184082, "passed": false}, "1": {"execution_time": 0.40105652809143066, "passed": false}, "2": {"execution_time": 0.21187567710876465, "passed": false}, "3": {"execution_time": 0.20705389976501465, "passed": false}, "4": {"execution_time": 0.19275259971618652, "passed": false}, "5": {"execution_time": 0.37096261978149414, "passed": false}, "6": {"execution_time": 0.40491652488708496, "passed": false}, "7": {"execution_time": 0.2020854949951172, "passed": false}, "8": {"execution_time": 0.4027581214904785, "passed": false}, "9": {"execution_time": 0.3679218292236328, "passed": false}, "10": {"execution_time": 0.20919275283813477, "passed": false}, "11": {"execution_time": 0.37199831008911133, "passed": false}}}, "check_style_score": "0/1"}