{"version": "1", "message": "ERROR: Hidden Testcases server unreachable.", "problem_id": "ads2_m6_a1_1", "user_id": "SupriyaMadupathi", "score": {"sample": {"0": {"execution_time": 0.39029979705810547, "passed": false}, "1": {"execution_time": 0.19556736946105957, "passed": false}, "2": {"execution_time": 0.19019603729248047, "passed": false}, "3": {"execution_time": 0.26766133308410645, "passed": false}, "4": {"execution_time": 0.3694608211517334, "passed": false}, "5": {"execution_time": 0.31720924377441406, "passed": false}, "6": {"execution_time": 0.2759511470794678, "passed": false}, "7": {"execution_time": 0.25788187980651855, "passed": false}, "8": {"execution_time": 0.37497472763061523, "passed": false}, "9": {"execution_time": 0.35500288009643555, "passed": false}, "10": {"execution_time": 0.24911260604858398, "passed": false}, "11": {"execution_time": 0.19748735427856445, "passed": false}}}, "check_style_score": "0/1"}