{"version": "1", "message": "ERROR: Hidden Testcases server unreachable.", "problem_id": "ads2_m2_a1_1", "user_id": "SupriyaMadupathi", "score": {"sample": {"0": {"execution_time": 0.21532607078552246, "passed": true}, "1": {"execution_time": 0.17257213592529297, "passed": true}, "2": {"execution_time": 0.34980058670043945, "passed": true}, "3": {"execution_time": 0.3407175540924072, "passed": true}, "4": {"execution_time": 0.1639409065246582, "passed": true}, "5": {"execution_time": 0.2238783836364746, "passed": true}, "6": {"execution_time": 0.3261260986328125, "passed": true}, "7": {"execution_time": 0.3631763458251953, "passed": true}, "8": {"execution_time": 0.1962888240814209, "passed": true}, "9": {"execution_time": 0.2198648452758789, "passed": true}, "10": {"execution_time": 0.22025299072265625, "passed": true}, "11": {"execution_time": 0.3182051181793213, "passed": true}, "12": {"execution_time": 0.30040740966796875, "passed": true}, "13": {"execution_time": 0.16261529922485352, "passed": true}, "14": {"execution_time": 0.3294820785522461, "passed": true}, "15": {"execution_time": 0.36848902702331543, "passed": true}, "16": {"execution_time": 0.20065093040466309, "passed": true}, "17": {"execution_time": 0.42144298553466797, "passed": true}, "18": {"execution_time": 0.39051055908203125, "passed": true}, "19": {"execution_time": 0.4937095642089844, "passed": true}, "20": {"execution_time": 0.28896617889404297, "passed": true}, "21": {"execution_time": 0.3156771659851074, "passed": true}, "22": {"execution_time": 0.4551253318786621, "passed": true}, "23": {"execution_time": 0.4282848834991455, "passed": true}}}, "check_style_score": "0/1"}