{"version": "1", "message": "ERROR: Hidden Testcases server unreachable.", "problem_id": "ads2_m2_a1_1", "user_id": "SupriyaMadupathi", "score": {"sample": {"0": {"execution_time": 0.2162024974822998, "passed": true}, "1": {"execution_time": 0.16160249710083008, "passed": true}, "2": {"execution_time": 0.29492712020874023, "passed": true}, "3": {"execution_time": 0.30840110778808594, "passed": true}, "4": {"execution_time": 0.21299147605895996, "passed": true}, "5": {"execution_time": 0.3450582027435303, "passed": true}, "6": {"execution_time": 0.3206052780151367, "passed": true}, "7": {"execution_time": 0.22470593452453613, "passed": true}, "8": {"execution_time": 0.33956265449523926, "passed": true}, "9": {"execution_time": 0.35122203826904297, "passed": true}, "10": {"execution_time": 0.19009041786193848, "passed": true}, "11": {"execution_time": 0.2344040870666504, "passed": true}, "12": {"execution_time": 0.16022181510925293, "passed": true}, "13": {"execution_time": 0.3908579349517822, "passed": true}, "14": {"execution_time": 0.49035143852233887, "passed": true}, "15": {"execution_time": 0.4147038459777832, "passed": true}, "16": {"execution_time": 0.33785104751586914, "passed": true}, "17": {"execution_time": 0.35645627975463867, "passed": true}, "18": {"execution_time": 0.3395969867706299, "passed": true}, "19": {"execution_time": 0.3991870880126953, "passed": true}, "20": {"execution_time": 0.3873424530029297, "passed": true}, "21": {"execution_time": 0.3090400695800781, "passed": true}, "22": {"execution_time": 0.4379417896270752, "passed": true}, "23": {"execution_time": 0.5779247283935547, "passed": true}}}, "check_style_score": "1/1"}