{"version": "1", "message": "ERROR: Hidden Testcases server unreachable.", "problem_id": "ads2_m16_a1_1", "user_id": "SupriyaMadupathi", "score": {"sample": {"0": {"execution_time": 0.33988142013549805, "passed": false}, "1": {"execution_time": 0.35230398178100586, "passed": false}, "2": {"execution_time": 0.5661463737487793, "passed": false}, "3": {"execution_time": 1.0595581531524658, "passed": false}, "4": {"execution_time": 0.733461856842041, "passed": false}, "5": {"execution_time": 0.5274646282196045, "passed": false}, "6": {"execution_time": 1.0684382915496826, "passed": false}, "7": {"execution_time": 0.9864873886108398, "passed": false}, "8": {"execution_time": 0.3109610080718994, "passed": false}, "9": {"execution_time": 0.7592592239379883, "passed": false}, "10": {"execution_time": 1.0359690189361572, "passed": false}, "11": {"execution_time": 10.029924869537354, "passed": false}, "12": {"execution_time": 0.5937092304229736, "passed": false}, "13": {"execution_time": 0.4628880023956299, "passed": true}, "14": {"execution_time": 0.6858642101287842, "passed": false}, "15": {"execution_time": 0.6083173751831055, "passed": false}, "16": {"execution_time": 0.5827357769012451, "passed": false}, "17": {"execution_time": 0.5818116664886475, "passed": false}, "18": {"execution_time": 0.3404097557067871, "passed": false}, "19": {"execution_time": 0.41555142402648926, "passed": false}, "20": {"execution_time": 0.8581264019012451, "passed": false}, "21": {"execution_time": 0.35762572288513184, "passed": false}, "22": {"execution_time": 0.3652770519256592, "passed": false}, "23": {"execution_time": 0.4598362445831299, "passed": false}, "24": {"execution_time": 0.41081905364990234, "passed": true}, "25": {"execution_time": 0.7785196304321289, "passed": false}, "26": {"execution_time": 1.2652828693389893, "passed": false}, "27": {"execution_time": 0.830512285232544, "passed": false}, "28": {"execution_time": 1.4602940082550049, "passed": false}, "29": {"execution_time": 0.42963433265686035, "passed": true}}}, "check_style_score": "0/1"}