{"version": "1", "message": "ERROR: Hidden Testcases server unreachable.", "problem_id": "ads2_m16_a1_1", "user_id": "SupriyaMadupathi", "score": {"sample": {"0": {"execution_time": 0.26329636573791504, "passed": false}, "1": {"execution_time": 0.24885082244873047, "passed": false}, "2": {"execution_time": 0.5167946815490723, "passed": false}, "3": {"execution_time": 0.5090019702911377, "passed": false}, "4": {"execution_time": 0.506843090057373, "passed": false}, "5": {"execution_time": 0.5187089443206787, "passed": false}, "6": {"execution_time": 0.5129373073577881, "passed": false}, "7": {"execution_time": 0.514960765838623, "passed": false}, "8": {"execution_time": 0.2688333988189697, "passed": false}, "9": {"execution_time": 0.5118489265441895, "passed": false}, "10": {"execution_time": 0.509939432144165, "passed": false}, "11": {"execution_time": 0.26451683044433594, "passed": false}, "12": {"execution_time": 0.516721248626709, "passed": false}, "13": {"execution_time": 0.23527884483337402, "passed": true}, "14": {"execution_time": 0.5308074951171875, "passed": false}, "15": {"execution_time": 0.5460398197174072, "passed": false}, "16": {"execution_time": 0.27202630043029785, "passed": false}, "17": {"execution_time": 0.2821159362792969, "passed": true}, "18": {"execution_time": 0.2892298698425293, "passed": false}, "19": {"execution_time": 0.2808833122253418, "passed": false}, "20": {"execution_time": 0.28679728507995605, "passed": false}, "21": {"execution_time": 0.2720339298248291, "passed": false}, "22": {"execution_time": 0.28292179107666016, "passed": false}, "23": {"execution_time": 0.30843353271484375, "passed": false}, "24": {"execution_time": 0.41943979263305664, "passed": true}, "25": {"execution_time": 0.7545864582061768, "passed": false}, "26": {"execution_time": 0.464385986328125, "passed": false}, "27": {"execution_time": 0.5129942893981934, "passed": false}, "28": {"execution_time": 1.601637840270996, "passed": false}, "29": {"execution_time": 0.22957897186279297, "passed": true}}}, "check_style_score": "1/1"}