{"version": "1", "message": "ERROR: Hidden Testcases server unreachable.", "problem_id": "ads2_m16_a1_1", "user_id": "SupriyaMadupathi", "score": {"sample": {"0": {"execution_time": 0.49864649772644043, "passed": false}, "1": {"execution_time": 0.3471086025238037, "passed": false}, "2": {"execution_time": 0.5984716415405273, "passed": false}, "3": {"execution_time": 0.9996118545532227, "passed": false}, "4": {"execution_time": 0.9325735569000244, "passed": false}, "5": {"execution_time": 0.5871644020080566, "passed": false}, "6": {"execution_time": 1.064180612564087, "passed": false}, "7": {"execution_time": 1.0282628536224365, "passed": false}, "8": {"execution_time": 0.37210559844970703, "passed": false}, "9": {"execution_time": 0.7580254077911377, "passed": false}, "10": {"execution_time": 1.055614709854126, "passed": false}, "11": {"execution_time": 0.23203325271606445, "passed": false}, "12": {"execution_time": 0.5787334442138672, "passed": false}, "13": {"execution_time": 0.5040419101715088, "passed": true}, "14": {"execution_time": 0.9511637687683105, "passed": false}, "15": {"execution_time": 0.5836167335510254, "passed": false}, "16": {"execution_time": 0.48575806617736816, "passed": false}, "17": {"execution_time": 0.5854253768920898, "passed": false}, "18": {"execution_time": 0.4704604148864746, "passed": false}, "19": {"execution_time": 0.3057093620300293, "passed": false}, "20": {"execution_time": 0.5061643123626709, "passed": false}, "21": {"execution_time": 0.575265645980835, "passed": false}, "22": {"execution_time": 0.5286269187927246, "passed": false}, "23": {"execution_time": 0.37778258323669434, "passed": false}, "24": {"execution_time": 0.4739382266998291, "passed": true}, "25": {"execution_time": 0.8341457843780518, "passed": false}, "26": {"execution_time": 0.5042989253997803, "passed": false}, "27": {"execution_time": 1.2852709293365479, "passed": false}, "28": {"execution_time": 1.9433178901672363, "passed": false}, "29": {"execution_time": 0.4422459602355957, "passed": true}}}, "check_style_score": "0/1"}