{"version": "1", "message": "ERROR: Hidden Testcases server unreachable.", "problem_id": "ads2_m16_a1_1", "user_id": "SupriyaMadupathi", "score": {"sample": {"0": {"execution_time": 0.5021483898162842, "passed": true}, "1": {"execution_time": 0.25005340576171875, "passed": false}, "2": {"execution_time": 0.5993130207061768, "passed": true}, "3": {"execution_time": 1.0600645542144775, "passed": true}, "4": {"execution_time": 0.7344636917114258, "passed": true}, "5": {"execution_time": 0.5331032276153564, "passed": false}, "6": {"execution_time": 1.058135747909546, "passed": false}, "7": {"execution_time": 0.9810178279876709, "passed": true}, "8": {"execution_time": 0.383314847946167, "passed": false}, "9": {"execution_time": 0.8170919418334961, "passed": false}, "10": {"execution_time": 1.1444344520568848, "passed": false}, "11": {"execution_time": 0.23144245147705078, "passed": false}, "12": {"execution_time": 1.0949811935424805, "passed": false}, "13": {"execution_time": 0.37604832649230957, "passed": true}, "14": {"execution_time": 0.5880312919616699, "passed": false}, "15": {"execution_time": 1.0908074378967285, "passed": false}, "16": {"execution_time": 0.5860826969146729, "passed": true}, "17": {"execution_time": 0.4321095943450928, "passed": true}, "18": {"execution_time": 0.47911834716796875, "passed": false}, "19": {"execution_time": 0.6169593334197998, "passed": true}, "20": {"execution_time": 0.38553714752197266, "passed": false}, "21": {"execution_time": 0.6011819839477539, "passed": true}, "22": {"execution_time": 0.5842814445495605, "passed": true}, "23": {"execution_time": 0.5976107120513916, "passed": true}, "24": {"execution_time": 0.24384641647338867, "passed": true}, "25": {"execution_time": 1.2716619968414307, "passed": false}, "26": {"execution_time": 0.7150588035583496, "passed": false}, "27": {"execution_time": 1.3231041431427002, "passed": false}, "28": {"execution_time": 1.966522216796875, "passed": false}, "29": {"execution_time": 0.44985032081604004, "passed": true}}}, "check_style_score": "0/1"}