{"version": "1", "message": "ERROR: Hidden Testcases server unreachable.", "problem_id": "ads2_m16_a1_1", "user_id": "SupriyaMadupathi", "score": {"sample": {"0": {"execution_time": 0.29999732971191406, "passed": true}, "1": {"execution_time": 0.34218525886535645, "passed": false}, "2": {"execution_time": 1.086890459060669, "passed": true}, "3": {"execution_time": 0.5648560523986816, "passed": true}, "4": {"execution_time": 1.0473289489746094, "passed": true}, "5": {"execution_time": 0.787468671798706, "passed": false}, "6": {"execution_time": 0.593411922454834, "passed": false}, "7": {"execution_time": 1.0760769844055176, "passed": true}, "8": {"execution_time": 0.6052114963531494, "passed": false}, "9": {"execution_time": 0.5109658241271973, "passed": false}, "10": {"execution_time": 1.0631721019744873, "passed": false}, "11": {"execution_time": 5.517174482345581, "passed": false}, "12": {"execution_time": 1.0909919738769531, "passed": false}, "13": {"execution_time": 0.2874135971069336, "passed": true}, "14": {"execution_time": 1.0921530723571777, "passed": false}, "15": {"execution_time": 0.7195889949798584, "passed": false}, "16": {"execution_time": 0.628014326095581, "passed": true}, "17": {"execution_time": 0.5600144863128662, "passed": true}, "18": {"execution_time": 0.5255005359649658, "passed": false}, "19": {"execution_time": 0.28291940689086914, "passed": true}, "20": {"execution_time": 0.42337942123413086, "passed": false}, "21": {"execution_time": 0.6507573127746582, "passed": true}, "22": {"execution_time": 0.5480117797851562, "passed": true}, "23": {"execution_time": 0.5815563201904297, "passed": true}, "24": {"execution_time": 0.4703948497772217, "passed": true}, "25": {"execution_time": 0.715867280960083, "passed": false}, "26": {"execution_time": 1.1588983535766602, "passed": false}, "27": {"execution_time": 1.343151330947876, "passed": false}, "28": {"execution_time": 1.2685647010803223, "passed": false}, "29": {"execution_time": 0.4482893943786621, "passed": true}}}, "check_style_score": "0/1"}