{"version": "1", "message": "ERROR: Hidden Testcases server unreachable.", "problem_id": "ads2_m16_a1_1", "user_id": "SupriyaMadupathi", "score": {"sample": {"0": {"execution_time": 0.33756494522094727, "passed": false}, "1": {"execution_time": 0.3561849594116211, "passed": false}, "2": {"execution_time": 0.5115070343017578, "passed": false}, "3": {"execution_time": 0.9992189407348633, "passed": false}, "4": {"execution_time": 1.0325181484222412, "passed": false}, "5": {"execution_time": 0.5904011726379395, "passed": false}, "6": {"execution_time": 0.8267033100128174, "passed": false}, "7": {"execution_time": 1.0937168598175049, "passed": false}, "8": {"execution_time": 0.4012460708618164, "passed": false}, "9": {"execution_time": 0.7602033615112305, "passed": false}, "10": {"execution_time": 1.0791513919830322, "passed": false}, "11": {"execution_time": 5.24798321723938, "passed": false}, "12": {"execution_time": 1.0926432609558105, "passed": false}, "13": {"execution_time": 0.2351973056793213, "passed": false}, "14": {"execution_time": 0.5146000385284424, "passed": false}, "15": {"execution_time": 1.078545093536377, "passed": false}, "16": {"execution_time": 0.48200249671936035, "passed": false}, "17": {"execution_time": 0.30661964416503906, "passed": false}, "18": {"execution_time": 0.3739936351776123, "passed": false}, "19": {"execution_time": 0.5859348773956299, "passed": false}, "20": {"execution_time": 0.4426448345184326, "passed": false}, "21": {"execution_time": 0.3337886333465576, "passed": false}, "22": {"execution_time": 0.5786287784576416, "passed": false}, "23": {"execution_time": 0.6113450527191162, "passed": false}, "24": {"execution_time": 0.3292851448059082, "passed": false}, "25": {"execution_time": 0.7038016319274902, "passed": false}, "26": {"execution_time": 1.1866145133972168, "passed": false}, "27": {"execution_time": 0.7800021171569824, "passed": false}, "28": {"execution_time": 2.1409828662872314, "passed": false}, "29": {"execution_time": 0.19493508338928223, "passed": true}}}, "check_style_score": "0/1"}