{"version": "1", "message": "ERROR: Hidden Testcases server unreachable.", "problem_id": "ads2_m16_a1_1", "user_id": "SupriyaMadupathi", "score": {"sample": {"0": {"execution_time": 0.9084422588348389, "passed": false}, "1": {"execution_time": 0.2147049903869629, "passed": false}, "2": {"execution_time": 0.3489043712615967, "passed": false}, "3": {"execution_time": 0.35841965675354004, "passed": false}, "4": {"execution_time": 0.45836663246154785, "passed": false}, "5": {"execution_time": 0.46887707710266113, "passed": false}, "6": {"execution_time": 0.368541955947876, "passed": false}, "7": {"execution_time": 0.3584270477294922, "passed": false}, "8": {"execution_time": 0.25662779808044434, "passed": false}, "9": {"execution_time": 0.33730006217956543, "passed": false}, "10": {"execution_time": 0.31516432762145996, "passed": false}, "11": {"execution_time": 0.20241761207580566, "passed": false}, "12": {"execution_time": 0.46486735343933105, "passed": false}, "13": {"execution_time": 0.22323989868164062, "passed": true}, "14": {"execution_time": 0.3730049133300781, "passed": false}, "15": {"execution_time": 0.3547971248626709, "passed": false}, "16": {"execution_time": 0.22719883918762207, "passed": false}, "17": {"execution_time": 0.22230243682861328, "passed": false}, "18": {"execution_time": 0.27829909324645996, "passed": false}, "19": {"execution_time": 0.23917126655578613, "passed": false}, "20": {"execution_time": 0.25872206687927246, "passed": false}, "21": {"execution_time": 0.2548716068267822, "passed": false}, "22": {"execution_time": 0.23482823371887207, "passed": false}, "23": {"execution_time": 0.2655675411224365, "passed": false}, "24": {"execution_time": 0.20732402801513672, "passed": true}, "25": {"execution_time": 0.35048556327819824, "passed": false}, "26": {"execution_time": 0.3277158737182617, "passed": false}, "27": {"execution_time": 0.35813164710998535, "passed": false}, "28": {"execution_time": 0.4306490421295166, "passed": false}, "29": {"execution_time": 0.34027576446533203, "passed": false}}}, "check_style_score": "0/1"}