{"version": "1", "message": "ERROR: Hidden Testcases server unreachable.", "problem_id": "ads2_m16_a1_1", "user_id": "SupriyaMadupathi", "score": {"sample": {"0": {"execution_time": 0.25264930725097656, "passed": true}, "1": {"execution_time": 0.5554420948028564, "passed": false}, "2": {"execution_time": 0.6308856010437012, "passed": true}, "3": {"execution_time": 0.6599993705749512, "passed": true}, "4": {"execution_time": 1.0662751197814941, "passed": true}, "5": {"execution_time": 0.5253429412841797, "passed": false}, "6": {"execution_time": 0.5774209499359131, "passed": false}, "7": {"execution_time": 1.06150484085083, "passed": true}, "8": {"execution_time": 0.35705089569091797, "passed": false}, "9": {"execution_time": 0.5488729476928711, "passed": false}, "10": {"execution_time": 1.0620992183685303, "passed": false}, "11": {"execution_time": 5.472858428955078, "passed": false}, "12": {"execution_time": 0.5411126613616943, "passed": false}, "13": {"execution_time": 0.4632601737976074, "passed": true}, "14": {"execution_time": 0.9844660758972168, "passed": false}, "15": {"execution_time": 0.6869051456451416, "passed": false}, "16": {"execution_time": 0.5902717113494873, "passed": true}, "17": {"execution_time": 0.34937548637390137, "passed": true}, "18": {"execution_time": 0.5645654201507568, "passed": false}, "19": {"execution_time": 0.6100561618804932, "passed": true}, "20": {"execution_time": 0.3881402015686035, "passed": false}, "21": {"execution_time": 0.3611922264099121, "passed": true}, "22": {"execution_time": 0.5773344039916992, "passed": true}, "23": {"execution_time": 0.5844640731811523, "passed": true}, "24": {"execution_time": 0.29903745651245117, "passed": true}, "25": {"execution_time": 1.3310160636901855, "passed": false}, "26": {"execution_time": 0.9057590961456299, "passed": false}, "27": {"execution_time": 0.7462036609649658, "passed": false}, "28": {"execution_time": 1.9893436431884766, "passed": false}, "29": {"execution_time": 0.3900465965270996, "passed": true}}}, "check_style_score": "0/1"}