{"version": "1", "message": "ERROR: Hidden Testcases server unreachable.", "problem_id": "ads2_m16_a1_1", "user_id": "SupriyaMadupathi", "score": {"sample": {"0": {"execution_time": 0.29929447174072266, "passed": false}, "1": {"execution_time": 0.5026082992553711, "passed": false}, "2": {"execution_time": 0.7170367240905762, "passed": false}, "3": {"execution_time": 0.5760066509246826, "passed": false}, "4": {"execution_time": 1.019848346710205, "passed": false}, "5": {"execution_time": 0.9844009876251221, "passed": false}, "6": {"execution_time": 0.5858125686645508, "passed": false}, "7": {"execution_time": 1.013965129852295, "passed": false}, "8": {"execution_time": 0.5713701248168945, "passed": false}, "9": {"execution_time": 0.5467400550842285, "passed": false}, "10": {"execution_time": 1.0481915473937988, "passed": false}, "11": {"execution_time": 5.5707972049713135, "passed": false}, "12": {"execution_time": 0.5965940952301025, "passed": false}, "13": {"execution_time": 0.4228060245513916, "passed": false}, "14": {"execution_time": 1.0811655521392822, "passed": false}, "15": {"execution_time": 0.6790094375610352, "passed": false}, "16": {"execution_time": 0.4969933032989502, "passed": false}, "17": {"execution_time": 0.533757209777832, "passed": false}, "18": {"execution_time": 0.6001660823822021, "passed": false}, "19": {"execution_time": 0.5961813926696777, "passed": false}, "20": {"execution_time": 0.7540044784545898, "passed": false}, "21": {"execution_time": 0.3483309745788574, "passed": false}, "22": {"execution_time": 0.6143338680267334, "passed": false}, "23": {"execution_time": 0.595125675201416, "passed": false}, "24": {"execution_time": 0.4478890895843506, "passed": false}, "25": {"execution_time": 0.7091169357299805, "passed": false}, "26": {"execution_time": 1.1061983108520508, "passed": false}, "27": {"execution_time": 1.000196933746338, "passed": false}, "28": {"execution_time": 1.988391637802124, "passed": false}, "29": {"execution_time": 0.4342787265777588, "passed": true}}}, "check_style_score": "0/1"}