{"version": "1", "message": "ERROR: Hidden Testcases server unreachable.", "problem_id": "ads2_m16_a1_1", "user_id": "SupriyaMadupathi", "score": {"sample": {"0": {"execution_time": 0.5650718212127686, "passed": false}, "1": {"execution_time": 0.23959016799926758, "passed": false}, "2": {"execution_time": 0.6327862739562988, "passed": false}, "3": {"execution_time": 1.22202730178833, "passed": false}, "4": {"execution_time": 0.7102267742156982, "passed": false}, "5": {"execution_time": 1.1389007568359375, "passed": false}, "6": {"execution_time": 0.962745189666748, "passed": false}, "7": {"execution_time": 0.5573318004608154, "passed": false}, "8": {"execution_time": 0.4085404872894287, "passed": false}, "9": {"execution_time": 1.0517768859863281, "passed": false}, "10": {"execution_time": 0.5989990234375, "passed": false}, "11": {"execution_time": 0.3043394088745117, "passed": false}, "12": {"execution_time": 1.0804669857025146, "passed": false}, "13": {"execution_time": 0.32364773750305176, "passed": true}, "14": {"execution_time": 0.525869607925415, "passed": false}, "15": {"execution_time": 1.1060230731964111, "passed": false}, "16": {"execution_time": 0.5624332427978516, "passed": false}, "17": {"execution_time": 0.4058566093444824, "passed": true}, "18": {"execution_time": 0.38347578048706055, "passed": false}, "19": {"execution_time": 0.5863361358642578, "passed": false}, "20": {"execution_time": 0.394697904586792, "passed": false}, "21": {"execution_time": 0.35807061195373535, "passed": false}, "22": {"execution_time": 0.5536899566650391, "passed": false}, "23": {"execution_time": 0.6078794002532959, "passed": false}, "24": {"execution_time": 0.25380659103393555, "passed": true}, "25": {"execution_time": 0.598139762878418, "passed": false}, "26": {"execution_time": 0.9085860252380371, "passed": false}, "27": {"execution_time": 0.5886504650115967, "passed": false}, "28": {"execution_time": 0.950007438659668, "passed": false}, "29": {"execution_time": 0.4055213928222656, "passed": false}}}, "check_style_score": "1/1"}