{"version": "1", "message": "ERROR: Hidden Testcases server unreachable.", "problem_id": "ads2_m16_a1_1", "user_id": "SupriyaMadupathi", "score": {"sample": {"0": {"execution_time": 2.691800594329834, "passed": true}, "1": {"execution_time": 0.4507932662963867, "passed": true}, "2": {"execution_time": 2.434485673904419, "passed": true}, "3": {"execution_time": 1.5189356803894043, "passed": true}, "4": {"execution_time": 1.1498832702636719, "passed": true}, "5": {"execution_time": 1.3035080432891846, "passed": true}, "6": {"execution_time": 1.3075416088104248, "passed": true}, "7": {"execution_time": 1.207773208618164, "passed": true}, "8": {"execution_time": 1.123992681503296, "passed": true}, "9": {"execution_time": 1.2236742973327637, "passed": true}, "10": {"execution_time": 1.2187304496765137, "passed": true}, "11": {"execution_time": 8.617902755737305, "passed": true}, "12": {"execution_time": 1.4241511821746826, "passed": true}, "13": {"execution_time": 0.6991357803344727, "passed": true}, "14": {"execution_time": 1.2935388088226318, "passed": true}, "15": {"execution_time": 1.1267521381378174, "passed": true}, "16": {"execution_time": 0.7401506900787354, "passed": true}, "17": {"execution_time": 0.5784227848052979, "passed": true}, "18": {"execution_time": 0.6100504398345947, "passed": true}, "19": {"execution_time": 0.5866248607635498, "passed": true}, "20": {"execution_time": 0.6572439670562744, "passed": true}, "21": {"execution_time": 0.5654840469360352, "passed": true}, "22": {"execution_time": 0.5630004405975342, "passed": true}, "23": {"execution_time": 0.6559617519378662, "passed": true}, "24": {"execution_time": 0.5235981941223145, "passed": true}, "25": {"execution_time": 1.3889732360839844, "passed": true}, "26": {"execution_time": 1.9182076454162598, "passed": true}, "27": {"execution_time": 1.8851618766784668, "passed": true}, "28": {"execution_time": 3.1382415294647217, "passed": true}, "29": {"execution_time": 1.1082391738891602, "passed": true}}}, "check_style_score": "1/1"}