{"version": "1", "message": "ERROR: Hidden Testcases server unreachable.", "problem_id": "ads2_m16_a1_1", "user_id": "SupriyaMadupathi", "score": {"sample": {"0": {"execution_time": 0.33466577529907227, "passed": false}, "1": {"execution_time": 0.23434829711914062, "passed": false}, "2": {"execution_time": 0.9750800132751465, "passed": false}, "3": {"execution_time": 0.6207585334777832, "passed": false}, "4": {"execution_time": 0.6322383880615234, "passed": false}, "5": {"execution_time": 1.0573530197143555, "passed": false}, "6": {"execution_time": 0.5155158042907715, "passed": false}, "7": {"execution_time": 0.5231707096099854, "passed": false}, "8": {"execution_time": 0.5773186683654785, "passed": false}, "9": {"execution_time": 0.6560709476470947, "passed": false}, "10": {"execution_time": 0.5513653755187988, "passed": false}, "11": {"execution_time": 0.4656715393066406, "passed": false}, "12": {"execution_time": 0.6468079090118408, "passed": false}, "13": {"execution_time": 0.23496055603027344, "passed": true}, "14": {"execution_time": 1.0632877349853516, "passed": false}, "15": {"execution_time": 0.8956522941589355, "passed": false}, "16": {"execution_time": 0.34783148765563965, "passed": false}, "17": {"execution_time": 0.5720353126525879, "passed": true}, "18": {"execution_time": 0.5488686561584473, "passed": false}, "19": {"execution_time": 0.5842442512512207, "passed": false}, "20": {"execution_time": 0.6109473705291748, "passed": false}, "21": {"execution_time": 0.5480008125305176, "passed": false}, "22": {"execution_time": 0.38535451889038086, "passed": false}, "23": {"execution_time": 0.48635196685791016, "passed": false}, "24": {"execution_time": 0.4792811870574951, "passed": true}, "25": {"execution_time": 0.605818510055542, "passed": false}, "26": {"execution_time": 0.521820068359375, "passed": false}, "27": {"execution_time": 1.1029930114746094, "passed": false}, "28": {"execution_time": 0.9053630828857422, "passed": false}, "29": {"execution_time": 0.4232501983642578, "passed": true}}}, "check_style_score": "1/1"}