{"version": "1", "message": "ERROR: Hidden Testcases server unreachable.", "problem_id": "ads2_m16_a1_1", "user_id": "SupriyaMadupathi", "score": {"sample": {"0": {"execution_time": 0.24471211433410645, "passed": false}, "1": {"execution_time": 0.5435643196105957, "passed": false}, "2": {"execution_time": 0.6506197452545166, "passed": false}, "3": {"execution_time": 0.6856696605682373, "passed": false}, "4": {"execution_time": 1.0243046283721924, "passed": false}, "5": {"execution_time": 0.5898263454437256, "passed": false}, "6": {"execution_time": 0.5588440895080566, "passed": false}, "7": {"execution_time": 1.06319260597229, "passed": false}, "8": {"execution_time": 0.3810617923736572, "passed": false}, "9": {"execution_time": 0.5095798969268799, "passed": false}, "10": {"execution_time": 1.0532968044281006, "passed": false}, "11": {"execution_time": 0.4567835330963135, "passed": false}, "12": {"execution_time": 0.6125636100769043, "passed": false}, "13": {"execution_time": 0.3649265766143799, "passed": true}, "14": {"execution_time": 1.0069258213043213, "passed": false}, "15": {"execution_time": 0.5716531276702881, "passed": false}, "16": {"execution_time": 0.37206172943115234, "passed": false}, "17": {"execution_time": 0.5929915904998779, "passed": false}, "18": {"execution_time": 0.5613410472869873, "passed": false}, "19": {"execution_time": 0.2749812602996826, "passed": false}, "20": {"execution_time": 0.36797308921813965, "passed": false}, "21": {"execution_time": 0.5574216842651367, "passed": false}, "22": {"execution_time": 0.45238590240478516, "passed": false}, "23": {"execution_time": 0.36197352409362793, "passed": false}, "24": {"execution_time": 0.2440955638885498, "passed": true}, "25": {"execution_time": 1.05875563621521, "passed": false}, "26": {"execution_time": 0.8469367027282715, "passed": false}, "27": {"execution_time": 0.6161048412322998, "passed": false}, "28": {"execution_time": 1.7095141410827637, "passed": false}, "29": {"execution_time": 0.437380313873291, "passed": true}}}, "check_style_score": "0/1"}