{"version": "1", "message": "ERROR: Hidden Testcases server unreachable.", "problem_id": "ads2_m16_a1_1", "user_id": "SupriyaMadupathi", "score": {"sample": {"0": {"execution_time": 0.294689416885376, "passed": true}, "1": {"execution_time": 0.2658672332763672, "passed": true}, "2": {"execution_time": 0.5711274147033691, "passed": true}, "3": {"execution_time": 0.5147237777709961, "passed": true}, "4": {"execution_time": 0.5248165130615234, "passed": true}, "5": {"execution_time": 0.5314767360687256, "passed": true}, "6": {"execution_time": 0.5872435569763184, "passed": true}, "7": {"execution_time": 0.5684182643890381, "passed": true}, "8": {"execution_time": 0.32039856910705566, "passed": true}, "9": {"execution_time": 0.5126097202301025, "passed": true}, "10": {"execution_time": 0.5328049659729004, "passed": true}, "11": {"execution_time": 4.514083385467529, "passed": true}, "12": {"execution_time": 0.5511674880981445, "passed": true}, "13": {"execution_time": 0.2614903450012207, "passed": true}, "14": {"execution_time": 0.5285630226135254, "passed": true}, "15": {"execution_time": 0.5562679767608643, "passed": true}, "16": {"execution_time": 0.35306262969970703, "passed": true}, "17": {"execution_time": 0.2932853698730469, "passed": true}, "18": {"execution_time": 0.3252418041229248, "passed": true}, "19": {"execution_time": 0.3337578773498535, "passed": true}, "20": {"execution_time": 0.37831544876098633, "passed": true}, "21": {"execution_time": 0.34009695053100586, "passed": true}, "22": {"execution_time": 0.3177967071533203, "passed": true}, "23": {"execution_time": 0.33545446395874023, "passed": true}, "24": {"execution_time": 0.2762436866760254, "passed": true}, "25": {"execution_time": 0.6893610954284668, "passed": true}, "26": {"execution_time": 0.569894552230835, "passed": true}, "27": {"execution_time": 0.7047715187072754, "passed": true}, "28": {"execution_time": 1.0383198261260986, "passed": true}, "29": {"execution_time": 0.2545185089111328, "passed": true}}}, "check_style_score": "1/1"}