{"version": "1", "message": "ERROR: Hidden Testcases server unreachable.", "problem_id": "ads2_m16_a1_1", "user_id": "SupriyaMadupathi", "score": {"sample": {"0": {"execution_time": 0.3245563507080078, "passed": true}, "1": {"execution_time": 0.44652843475341797, "passed": false}, "2": {"execution_time": 1.0562338829040527, "passed": true}, "3": {"execution_time": 0.6229212284088135, "passed": true}, "4": {"execution_time": 0.5219757556915283, "passed": true}, "5": {"execution_time": 1.0673573017120361, "passed": false}, "6": {"execution_time": 0.6416177749633789, "passed": false}, "7": {"execution_time": 1.0735270977020264, "passed": true}, "8": {"execution_time": 0.5365071296691895, "passed": false}, "9": {"execution_time": 0.5207400321960449, "passed": false}, "10": {"execution_time": 1.0365703105926514, "passed": false}, "11": {"execution_time": 3.495234489440918, "passed": false}, "12": {"execution_time": 0.5690004825592041, "passed": false}, "13": {"execution_time": 0.22714495658874512, "passed": true}, "14": {"execution_time": 1.0774915218353271, "passed": false}, "15": {"execution_time": 0.736830472946167, "passed": false}, "16": {"execution_time": 0.40066003799438477, "passed": true}, "17": {"execution_time": 0.5331110954284668, "passed": true}, "18": {"execution_time": 0.37630486488342285, "passed": false}, "19": {"execution_time": 0.6082048416137695, "passed": true}, "20": {"execution_time": 0.6243143081665039, "passed": false}, "21": {"execution_time": 0.29662656784057617, "passed": true}, "22": {"execution_time": 0.5628807544708252, "passed": true}, "23": {"execution_time": 0.5777356624603271, "passed": true}, "24": {"execution_time": 0.4544711112976074, "passed": true}, "25": {"execution_time": 0.6728761196136475, "passed": false}, "26": {"execution_time": 1.1325769424438477, "passed": false}, "27": {"execution_time": 1.330441951751709, "passed": false}, "28": {"execution_time": 1.1791307926177979, "passed": false}, "29": {"execution_time": 0.4473562240600586, "passed": true}}}, "check_style_score": "0/1"}