{"version": "1", "message": "ERROR: Hidden Testcases server unreachable.", "problem_id": "ads2_m16_a1_1", "user_id": "SupriyaMadupathi", "score": {"sample": {"0": {"execution_time": 0.33478760719299316, "passed": true}, "1": {"execution_time": 0.5458850860595703, "passed": true}, "2": {"execution_time": 0.9761371612548828, "passed": true}, "3": {"execution_time": 0.5103554725646973, "passed": true}, "4": {"execution_time": 0.9290468692779541, "passed": true}, "5": {"execution_time": 1.0536255836486816, "passed": true}, "6": {"execution_time": 0.618736982345581, "passed": true}, "7": {"execution_time": 0.8677468299865723, "passed": true}, "8": {"execution_time": 0.6014912128448486, "passed": true}, "9": {"execution_time": 0.566927433013916, "passed": true}, "10": {"execution_time": 0.5770688056945801, "passed": true}, "11": {"execution_time": 6.165841102600098, "passed": true}, "12": {"execution_time": 0.5767924785614014, "passed": true}, "13": {"execution_time": 0.4255843162536621, "passed": true}, "14": {"execution_time": 0.6188108921051025, "passed": true}, "15": {"execution_time": 1.0518944263458252, "passed": true}, "16": {"execution_time": 0.5874903202056885, "passed": true}, "17": {"execution_time": 0.2981865406036377, "passed": true}, "18": {"execution_time": 0.567528247833252, "passed": true}, "19": {"execution_time": 0.5828099250793457, "passed": true}, "20": {"execution_time": 0.4089689254760742, "passed": true}, "21": {"execution_time": 0.3448033332824707, "passed": true}, "22": {"execution_time": 0.6126651763916016, "passed": true}, "23": {"execution_time": 0.5761020183563232, "passed": true}, "24": {"execution_time": 0.4512343406677246, "passed": true}, "25": {"execution_time": 0.7977240085601807, "passed": true}, "26": {"execution_time": 1.0997045040130615, "passed": true}, "27": {"execution_time": 1.355201005935669, "passed": true}, "28": {"execution_time": 2.072983503341675, "passed": true}, "29": {"execution_time": 0.2124779224395752, "passed": true}}}, "check_style_score": "1/1"}