{"version": "1", "message": "ERROR: Hidden Testcases server unreachable.", "problem_id": "ads2_m16_a1_1", "user_id": "SupriyaMadupathi", "score": {"sample": {"0": {"execution_time": 0.4098186492919922, "passed": false}, "1": {"execution_time": 0.2377796173095703, "passed": false}, "2": {"execution_time": 0.5815868377685547, "passed": false}, "3": {"execution_time": 0.519209623336792, "passed": false}, "4": {"execution_time": 0.5601286888122559, "passed": false}, "5": {"execution_time": 0.6672153472900391, "passed": false}, "6": {"execution_time": 0.6464436054229736, "passed": false}, "7": {"execution_time": 0.6115975379943848, "passed": false}, "8": {"execution_time": 0.4191007614135742, "passed": false}, "9": {"execution_time": 0.515963077545166, "passed": false}, "10": {"execution_time": 0.5088331699371338, "passed": false}, "11": {"execution_time": 0.20862555503845215, "passed": false}, "12": {"execution_time": 0.5613009929656982, "passed": false}, "13": {"execution_time": 0.2301025390625, "passed": true}, "14": {"execution_time": 0.6043369770050049, "passed": false}, "15": {"execution_time": 0.5284409523010254, "passed": false}, "16": {"execution_time": 0.266071081161499, "passed": false}, "17": {"execution_time": 0.3114023208618164, "passed": true}, "18": {"execution_time": 0.31711244583129883, "passed": false}, "19": {"execution_time": 0.27365684509277344, "passed": false}, "20": {"execution_time": 0.27992963790893555, "passed": false}, "21": {"execution_time": 0.2914745807647705, "passed": false}, "22": {"execution_time": 0.3175528049468994, "passed": false}, "23": {"execution_time": 0.28543996810913086, "passed": false}, "24": {"execution_time": 0.2896080017089844, "passed": true}, "25": {"execution_time": 0.6047537326812744, "passed": false}, "26": {"execution_time": 0.4795107841491699, "passed": false}, "27": {"execution_time": 0.9232661724090576, "passed": false}, "28": {"execution_time": 0.9867215156555176, "passed": false}, "29": {"execution_time": 0.5255725383758545, "passed": true}}}, "check_style_score": "1/1"}