{"version": "1", "message": "ERROR: Hidden Testcases server unreachable.", "problem_id": "ads2_m16_a1_1", "user_id": "SupriyaMadupathi", "score": {"sample": {"0": {"execution_time": 0.23980093002319336, "passed": false}, "1": {"execution_time": 0.5161409378051758, "passed": false}, "2": {"execution_time": 0.5138654708862305, "passed": false}, "3": {"execution_time": 0.5478131771087646, "passed": false}, "4": {"execution_time": 1.0247588157653809, "passed": false}, "5": {"execution_time": 0.5150377750396729, "passed": false}, "6": {"execution_time": 0.5105807781219482, "passed": false}, "7": {"execution_time": 1.0603716373443604, "passed": false}, "8": {"execution_time": 0.5034668445587158, "passed": false}, "9": {"execution_time": 0.574077844619751, "passed": false}, "10": {"execution_time": 1.027284860610962, "passed": false}, "11": {"execution_time": 0.4351193904876709, "passed": false}, "12": {"execution_time": 0.5822515487670898, "passed": false}, "13": {"execution_time": 0.3446469306945801, "passed": true}, "14": {"execution_time": 0.9974656105041504, "passed": false}, "15": {"execution_time": 0.5720641613006592, "passed": false}, "16": {"execution_time": 0.5474112033843994, "passed": false}, "17": {"execution_time": 0.5704703330993652, "passed": false}, "18": {"execution_time": 0.36454033851623535, "passed": false}, "19": {"execution_time": 0.2636106014251709, "passed": false}, "20": {"execution_time": 0.5757365226745605, "passed": false}, "21": {"execution_time": 0.5812647342681885, "passed": false}, "22": {"execution_time": 0.29485344886779785, "passed": false}, "23": {"execution_time": 0.2914543151855469, "passed": false}, "24": {"execution_time": 0.43734002113342285, "passed": true}, "25": {"execution_time": 0.885242223739624, "passed": false}, "26": {"execution_time": 0.5441269874572754, "passed": false}, "27": {"execution_time": 1.0657432079315186, "passed": false}, "28": {"execution_time": 1.7066290378570557, "passed": false}, "29": {"execution_time": 0.29855990409851074, "passed": true}}}, "check_style_score": "0/1"}